record_key,pmid,doi,year,title,content_sha256
doi:10.1002/1878-0261.70302,42438125,10.1002/1878-0261.70302,2026,Translating whole-genome doubling into precision medicine in cancer.,4b482801fda1ab36090201f78d45a1cf8882f4e9e5832ce8e70670b281768304
doi:10.1002/advs.202409769,39903759,10.1002/advs.202409769,2025,Chromosome Missegregation Triggers Tumor Cell Pyroptosis and Enhances Anti-Tumor Immunotherapy in Colorectal Cancer.,fd7e6753101c3a205224abf8ad8201bf5d600b6eef1439efe51f3dc599319351
doi:10.1002/advs.202501015,42302064,10.1002/advs.202501015,2026,Chromosomal Instability Drives Glioblastoma Heterogeneity and Therapeutic Opportunities.,a67c34f8967ec52aecbd81780e73405e67bfef66dbde04e4df753c5a144ff95f
doi:10.1002/advs.202514238,42037178,10.1002/advs.202514238,2026,Unraveling the Molecular Mechanisms Underlying Spontaneous Multipolar Mitosis Through CIN-seq.,6b4026a489e964cc8abeaf5d4fdebca14d6319db074dc65c13b94715fd713018
doi:10.1002/advs.202521088,42468515,10.1002/advs.202521088,2026,Single-Cell Dissection of Therapy-Induced Remodeling Uncovers a Fibroblast-Driven Immunosuppressive Niche and Targetable Vulnerabilities in Lethal Prostate Cancer.,2f5ff650b515386e0479840a2e4ac541b2742349a336c188fa89ad3c4fb2773f
doi:10.1002/ajmg.a.31069,16411201,10.1002/ajmg.a.31069,2006,Monoallelic BUB1B mutations and defective mitotic-spindle checkpoint in seven families with premature chromatid separation (PCS) syndrome.,ea5ef6a8659ff865058f33f44361b956eff141a6e17b2e749bad279dd53717e5
doi:10.1002/ajmg.a.32315,18548531,10.1002/ajmg.a.32315,2008,Clinical and genetic heterogeneity in patients with mosaic variegated aneuploidy: delineation of clinical subtypes.,22cf2274524be9bd9533547940c2549dfa96ca59764f343fa7afe31da891aa91
doi:10.1002/bies.70128,41879524,10.1002/bies.70128,2026,Morphogen Gradients as Drivers of Mosaicism During Early Human Development.,aa624f51562c35dc954206b027c6c70177c2d50e4e8f6ba0dbb4c9ac206a955d
doi:10.1002/biof.70135,42457640,10.1002/biof.70135,2026,A Multi-Omics and Single-Cell Framework Identifies ITGA1 as a Candidate Predictive Biomarker of Neoadjuvant Chemotherapy Response in Epithelial Ovarian Cancer.,878cbbf8dd3a54360c9814d6e73addc71f7e709a5e1582e0274987627107c0ca
doi:10.1002/cbin.11740,34882895,10.1002/cbin.11740,2022,Research progress of Bub3 gene in malignant tumors.,6e42f63dc9d9f0074d60bc0ae042e1a8628e0b422f179b6ae7c8add6b65bc049
doi:10.1002/cbin.70186,42434936,10.1002/cbin.70186,2026,The Landscape of BRCA1-Associated Post-Translational Modifications.,50723df5d1f2b49ef4625ccb4aaaf860f4cb320428141614d83214e6e758be16
doi:10.1002/ccr3.2802,32884756,10.1002/ccr3.2802,2020,Prenatal diagnosis and long-term follow-up of a Chinese patient with mosaic variegated aneuploidy and its molecular analysis.,76ce555de9dec934079681261b90f244f0eeb4ebc0fd270ce6aca1f2b6074cf0
doi:10.1002/hsr2.72917,42524535,10.1002/hsr2.72917,2026,The Role of Precision Medicine in Neuroblastoma: Targeted Therapies and Personalized Approaches-A Narrative Review.,7b02210df7b4e3ebaf76982f196a65613c7701a3f1bf6e8ed57bc56d99278784
doi:10.1002/mc.70132,42189826,10.1002/mc.70132,2026,TTK Overexpression as a Prognostic Indicator and Immune Modulator in Kidney Renal Clear Cell Carcinoma.,b7726b8876bc769da355f96cf64900568913ecdab00860773ab708453e65584b
doi:10.1002/mco2.70812,42404587,10.1002/mco2.70812,2026,Cancer Heterogeneity and Cancer Cell Plasticity: Molecular Mechanisms and Precision Therapy.,3450549e6ab4273a558eddc1a10bf2333c8dced2a5a3e66af4ee8b69f9c9e9ee
doi:10.1002/mco2.70844,42415852,10.1002/mco2.70844,2026,"The Multifaceted Role of Pyroptosis: Molecular Mechanisms, Crosstalk with Other Cell Death Pathways, and Therapeutic Implications.",fa6bd25c980c65466cf8f5446d4880057d4b81239d170bed9cf35ae10ff76fb1
doi:10.1002/pbc.27804,31081598,10.1002/pbc.27804,2020,Long-term remission of bilateral Wilms tumors that developed from premature separation of chromatids/mosaic variegated aneuploidy syndrome due to bilateral nephrectomy and peritoneal dialysis.,d3de9a05e5bb0b859bf7d17c936a5606d0dabbbf72dc575ac51f0494f442d393
doi:10.1002/pros.24257,34672379,10.1002/pros.24257,2022,Androgen receptor negatively regulates mitotic checkpoint signaling to induce docetaxel resistance in castration-resistant prostate cancer.,c457ad5a8f39d6f50e5d25d368cd673f3fc391647f87f23d2c9f3642b1077aea
doi:10.1002/rmb2.70045,41937970,10.1002/rmb2.70045,2026,"Multinucleation in the Human Embryo's First Mitosis: Linking Spindle Geometry Defects, SAC Tolerance, Chromosome Segregation, and Nuclear Envelope Reassembly.",cbaf572da807a57280daada4939c16f033bccbdaca98c81e5d5fef97b96f9cbe
doi:10.1002/rmv.70187,42489251,10.1002/rmv.70187,2026,"John Cunningham Virus and Colorectal Carcinogenesis: Current Evidence, Molecular Mechanisms, and Unresolved Controversies.",ab27656329b5a2deea699da999766b0ec017b64a764eb335b794ec09617b61d4
doi:10.1007/s00018-023-05019-9,38008853,10.1007/s00018-023-05019-9,2023,"E3-ubiquitin ligase, FBXW7 regulates mitotic progression by targeting BubR1 for ubiquitin-mediated degradation.",03dcb169d7a20b6b229ba72ea01b3cb95bf3eeebafa2d4344f763f323409dbd8
doi:10.1007/s00018-025-06011-1,41586900,10.1007/s00018-025-06011-1,2026,The role of HMGA1 in genome stability: Implications in human cancer.,d23f511b5cef169f087a18f5079e693c0694dd2538579ced882c4e49ebd44177
doi:10.1007/s00018-026-06084-6,41865130,10.1007/s00018-026-06084-6,2026,ERKed by too much signaling: from oncogenic driver to therapeutic vulnerability.,0b3855a9b451013fc56a4ac023f7311816e2d2637fc6ab451dad4c3012b37dce
doi:10.1007/s00439-008-0572-y,18932004,10.1007/s00439-008-0572-y,2009,Gradual reduction of BUBR1 protein levels results in premature sister-chromatid separation then in aneuploidy.,21f9ce0d114cb13e66d972a2b8058a2720a99edcae9d5c17d75a4b50557a2142
doi:10.1007/s10072-022-06247-w,35804254,10.1007/s10072-022-06247-w,2022,Pathogenic correlation between mosaic variegated aneuploidy 1 (MVA1) and a novel BUB1B variant: a reappraisal of a severe syndrome.,a21fad7bfe5f8cd6072ec73dfd835869fe167233984907a398a0e3642fcb8e73
doi:10.1007/s10495-026-02422-y,42690507,10.1007/s10495-026-02422-y,2026,Evasion of cell death despite mitochondrial outer membrane permeabilization: an oncogenic outcome of apoptosis.,2f6fc81ffada1819cb46345c349ebc67f6265627dcdfd3dc2abaf30297f52b05
doi:10.1007/s10555-026-10347-w,42257920,10.1007/s10555-026-10347-w,2026,"Prognostic, diagnostic and therapeutic value of the cancer tubulin code.",91b72b34fe23583a21cdda2ae929ae2524fe929276cbf7258bf7921ea3c444e9
doi:10.1007/s10577-014-9432-x,24981203,10.1007/s10577-014-9432-x,2015,Mosaic variegated aneuploidy in mouse BubR1 deficient embryos and pregnancy loss in human.,c1406fd4c7cfbe1927fe874ebaf544f3ed15c3c320a02c87a478d20d1c64a842
doi:10.1007/s11596-010-0553-y,21063845,10.1007/s11596-010-0553-y,2013,Effect of Mad2 on paclitaxel-induced cell death in ovarian cancer cells.,11fc24237afde96418d7e2e9e2afac4a8a635f3b83f043e64925667892c16ff0
doi:10.1007/s12035-012-8262-0,22528601,10.1007/s12035-012-8262-0,2013,Cell cycle activation and aneuploid neurons in Alzheimer's disease.,50a360bc6d21512cecebb6b1ee3a0b11fad4dd8ad4dfa14c820c5bc6671758ec
doi:10.1007/s12672-024-01712-8,39715832,10.1007/s12672-024-01712-8,2024,"Integrated analysis of cell cycle and p53 signaling pathways related genes in breast, colorectal, lung, and pancreatic cancers: implications for prognosis and drug sensitivity for therapeutic potential.",6a335a6ce95b5aa6e4ec63400e8ec9df538310868dee312badba7d393d2bc4c5
doi:10.1007/s12672-025-04105-7,41507586,10.1007/s12672-025-04105-7,2026,Bioinformatics analysis identifies AURKB as a prognostic biomarker across multiple human cancers.,711bf0d371f76e65e58ccec508016605e67a72755710f119543efd16f1c65be8
doi:10.1007/s12672-026-04486-3,41618008,10.1007/s12672-026-04486-3,2026,Exploring the mechanism and therapeutic potential of BUB1 in regulating esophageal cancer progression based on 5-FU target prediction.,fec5bbd7668fcdca557b8b41bf336d5b10aa9559005d1139b9b18373dc6f587b
doi:10.1016/bs.mcb.2025.10.013,41688150,10.1016/bs.mcb.2025.10.013,2026,Immunofluorescent microscopy to quantify and characterize chromosomal instability (CIN).,2366b801221407c89a659fb18905ea7510b22ffe2913cded2bf3f402dbef0436
doi:10.1016/j.bbrep.2025.102376,41378098,10.1016/j.bbrep.2025.102376,2025,"Radiotherapy and precision medicine's role in molecular alterations during chromosomal division: The influence of &lt;i&gt;MB, TP53, CENPA, BUB1B&lt;/i&gt;, &lt;i&gt;MAD2L1&lt;/i&gt;, &lt;i&gt;ZWINT&lt;/i&gt; expression and noncoding RNAs in oral cancer.",51bb31245f268dfa276e55d1071ee8ca773f5f2430698ca97573217e8470af49
doi:10.1016/j.bonr.2026.101930,42326738,10.1016/j.bonr.2026.101930,2026,Genomic landscape and tumor immune microenvironment of osteosarcoma: Bridging mechanistic insights to precision therapeutics.,f0393bd1cb87bf4b6805bc3df3a863b730d56df8706c492ce65716a8bcd4c5aa
doi:10.1016/j.canlet.2025.217878,40517938,10.1016/j.canlet.2025.217878,2025,Energetics of whole genome doubling and genomic instability.,3297d2cab704b47c46b21fcfbf79020cad2ddea8702e43ba3f3309bc4fbf1fe0
doi:10.1016/j.cellin.2024.100209,39629481,10.1016/j.cellin.2024.100209,2024,Spontaneous and environment induced genomic alterations in yeast model.,938502f8051477aaf26a64fdb88cf6a8db7cfcfbc4effe4c1baf4bab2737dcbf
doi:10.1016/j.celrep.2026.117279,41996237,10.1016/j.celrep.2026.117279,2026,RNF126 and BRAP safeguard genome integrity after DNA damage in late mitosis.,9bd1896dc6eabcbf704f2044faf1a0f9b258d8fe4dba299ffcf711bb512fc880
doi:10.1016/j.coph.2013.03.012,23597425,10.1016/j.coph.2013.03.012,2014,Tumour selective targeting of cell cycle kinases for cancer treatment.,fbbc2c2fe7a3d3e82677087414adb0490ff02958b211b5da531e4bb9d0a12ee6
doi:10.1016/j.devcel.2015.04.020,26028219,10.1016/j.devcel.2015.04.020,2015,Inherent Instability of Correct Kinetochore-Microtubule Attachments during Meiosis I in Oocytes.,c5e2687177cc53532444f2c74ee9c5dbeccca23355991305c780d41c2c491ddc
doi:10.1016/j.devcel.2021.06.009,34216545,10.1016/j.devcel.2021.06.009,2021,Proteostasis failure and mitochondrial dysfunction leads to aneuploidy-induced senescence.,2f4b8bd6443daf5e00fe8b3ed04ee7f3e2a1512e03f892e7d6f58a890968f9cb
doi:10.1016/j.drudis.2024.104142,39168405,10.1016/j.drudis.2024.104142,2024,Exploration of inhibitors targeting KIF18A with ploidy-specific lethality.,bc11a2548b515eccd2b48a61f9c7e3fe93a88850bc66f33a3259c3b68b684878
doi:10.1016/j.drup.2026.101380,41747370,10.1016/j.drup.2026.101380,2026,Emerging trends and converging evidence in tumor evolution: A comprehensive review.,b67aeab4dd38f8bb82087e0863eff9b110806eff66bac1184e1e8cd97b3cc133
doi:10.1016/j.ejphar.2026.179144,42526787,10.1016/j.ejphar.2026.179144,2026,"Pharmacological targeting of the extracellular cGAMP-ENPP1 axis in cancer immunotherapy: mechanisms, biomarkers, and translational strategies.",fcb4bdd3cf39269cec435fa248fa96bfb6e8bf3f3f7de23d8537aec4193131f1
doi:10.1016/j.exphem.2023.10.002,37875176,10.1016/j.exphem.2023.10.002,2024,MiR-223-3p promotes genomic stability of hematopoietic progenitors after radiation.,5d32861dcc6cc841c45b40c7186c6a5bd8241bd0f4876808f952f60ede5a1cbe
doi:10.1016/j.gene.2026.150311,42425316,10.1016/j.gene.2026.150311,2026,Genomic and chromosomal Instability: Hidden drivers of Glioblastoma aggressiveness.,a267b9edc01026ceec72e76c9040dddc646c71595bdb8570e497ca4b8c220755
doi:10.1016/j.heliyon.2024.e39392,39502218,10.1016/j.heliyon.2024.e39392,2024,Simultaneous CNV-seq and WES: An effective strategy for molecular diagnosis of unexplained fetal structural anomalies.,451ac4151f084c850d9cf491774e27865b6026f4d87851854a1413e20d9890d8
doi:10.1016/j.ijrobp.2025.12.014,41563231,10.1016/j.ijrobp.2025.12.014,2026,Pretreatment Chromosomal Instability Correlates With Radiation Sensitivity in Squamous Cell Cancers.,d78c3525969d282caa8efe031a713180a9fb6b5e8785dea1dec17effebf34117
doi:10.1016/j.isci.2026.116312,42338480,10.1016/j.isci.2026.116312,2026,"hSpindly dynamics modulate spindle assembly checkpoint signaling, promoting resistance to mitotic inhibitors.",b53b4b3f05f58866b14685e655638cf483afd8e0a25f709e34d3b5f5edddf6cc
doi:10.1016/j.jare.2025.07.008,40633837,10.1016/j.jare.2025.07.008,2026,Tankyrase activity is essential for asymmetric division and chromosome segregation in oocyte meiosis.,e209222912989487415f7c56e66010efce1f9cc8e043884cac34c642efd32419
doi:10.1016/j.jbc.2021.101026,34339741,10.1016/j.jbc.2021.101026,2021,The DNA-binding protein CST associates with the cohesin complex and promotes chromosome cohesion.,9b5895e7e29e3035e02eda55029a08ecbfc2a86903e9842ea85f8a359fd12ecd
doi:10.1016/j.jbc.2026.111148,41534835,10.1016/j.jbc.2026.111148,2026,Targeting the splicing factor CWC22 induces mitotic slippage through repression of BubR1 expression and CDK1 activity in cancer cells.,4e5cbee5f43795b139e75679cc9f372022c733696c9185ba1ca86b6f25bb523a
doi:10.1016/j.jbc.2026.111267,41655693,10.1016/j.jbc.2026.111267,2026,TET2 in epigenetic control of immune cells: Implications for inflammatory responses and age-related pathologies.,94c3c0b339e84d626b7dffe4b4cbc0394cad9af7e03d54cf973122c6aafe8e3b
doi:10.1016/j.mgene.2016.05.002,27331020,10.1016/j.mgene.2016.05.002,2016,In silico analysis of deleterious single nucleotide polymorphisms in human BUB1 mitotic checkpoint serine/threonine kinase B gene.,e3855f409ab18c250a04d9647f1bd1f78f465835e9b5022d8de160c67a4f0864
doi:10.1016/j.molcel.2024.01.018,38359824,10.1016/j.molcel.2024.01.018,2024,Specialized replication mechanisms maintain genome stability at human centromeres.,8753751054d73557747ef5fa162883384649c3ca7f758c7d1b478cbf8eeb132b
doi:10.1016/j.neo.2026.101315,42054804,10.1016/j.neo.2026.101315,2026,Molecular landscape and clinical translation of DNA damage response alterations in solid tumors: A pan-cancer perspective on precision oncology.,a1caf958bf2e11a00089bdd806eeea8a230f1a256af729b83aa952228e6e25f2
doi:10.1016/j.omton.2026.201237,42232064,10.1016/j.omton.2026.201237,2026,Multi-omics dissection of R-loop dynamics in tumorigenesis: From transcription-replication conflict to therapeutic targets.,c15c96c12d742baa7cb4113737377fbbd7acbd7e8b070f4c88d75b45f4f46de1
doi:10.1016/j.pediatrneurol.2013.05.014,23916859,10.1016/j.pediatrneurol.2013.05.014,2014,Refractory infantile spasms associated with mosaic variegated aneuploidy syndrome.,bb66690aa6520bec5c5f154cb8e293437ad206332e2ea6f020932c4186417b59
doi:10.1016/j.redox.2023.102701,37094517,10.1016/j.redox.2023.102701,2023,The establishment of mitotic errors-driven senescence depends on autophagy.,c34cde77177d83c1526493f16a62d90eba697a6754473fe4b14256885ca92813
doi:10.1016/j.redox.2026.104267,42322953,10.1016/j.redox.2026.104267,2026,"XRCC1 deficiency drives telomeric chromatin leakage, inflammatory signalling and senescence.",c6cf5081a0cda4b546d7f2fa6e6186bf37d7b2b2fc651bfeb474badc0c2ec71b
doi:10.1016/j.semcancer.2024.10.005,39490401,10.1016/j.semcancer.2024.10.005,2024,"BubR1 and SIRT2: Insights into aneuploidy, aging, and cancer.",01cb349ca0a539b9b626254ec44d1b127833f718a0a039ed6fed96053a5871d6
doi:10.1016/j.semradonc.2021.09.002,34861996,10.1016/j.semradonc.2021.09.002,2022,Chromosome Missegregation as a Modulator of Radiation Sensitivity.,1e3cb29dc9e82df6abd0be51eb7056fb3a388f9269ab5f916285435eeba251ba
doi:10.1016/j.tcb.2026.03.003,41905869,10.1016/j.tcb.2026.03.003,2026,Tetraploids or polyploid giants: who is truly dangerous?,a551b06c774a4bfaac7cf31476c97625cdd801ca693a56469c4e8b2d625c660f
doi:10.1016/j.tranon.2026.102742,41861657,10.1016/j.tranon.2026.102742,2026,Single-cell inflammatory signaling defines a novel CEP135&lt;sup&gt;+&lt;/sup&gt; endothelial subtype associated with glioma progression.,136927610fb4273a7702b9421a10f8af6ad2fc802930e9e4163f38ad98a26b2a
doi:10.1016/j.tranon.2026.102796,42068673,10.1016/j.tranon.2026.102796,2026,Genetic architecture of multiple myeloma: From somatic alterations to germline susceptibility and clinical implications.,edfcc116935562d1234ae2713831ccdfad67d6ad0266d859463cedd863633505
doi:10.1016/j.xgen.2025.100894,40466636,10.1016/j.xgen.2025.100894,2025,Depletion of aneuploid cells is shaped by cell-to-cell interactions.,fb6170187955a03a8405074894cd2db36bc16a23cc746a576821de6108f3b2b8
doi:10.1016/j.xhgg.2023.100256,37981762,10.1016/j.xhgg.2023.100256,2024,"Mosaic variegated aneuploidy syndrome with tetraploid, and predisposition to male infertility triggered by mutant CEP192.",82a1cbaba6aa7d05af54d1a1cb533eaf9ebeaf87876740eb7bf1e796a28c5604
doi:10.1016/j.xhgg.2025.100437,40211536,10.1016/j.xhgg.2025.100437,2025,The chromosomal challenge of human embryos: Mechanisms and fundamentals.,ab730369885e1d741624ac85d5c494461c507f9b651d9d41f09c013b93e8700c
doi:10.1016/j.yexcr.2006.02.018,16600213,10.1016/j.yexcr.2006.02.018,2006,Spindle checkpoint function requires Mad2-dependent Cdc20 binding to the Mad3 homology domain of BubR1.,0c47c1115e577d708594b9352401a9dbf684bbaa946ca5f53b7d7ce800965d08
doi:10.1021/acs.jmedchem.5c02096,41740057,10.1021/acs.jmedchem.5c02096,2026,Discovery of Two Structurally Distinct Classes of Inhibitors Targeting the Nuclease MUS81 and Enhancing Efficacy of Chemotherapy in Cancer Cells.,0d43a8089236f2d18bd9dfa7f71c02090e76020a91338a60c8f759b8c2bc6f5a
doi:10.1021/acsomega.5c07325,41210725,10.1021/acsomega.5c07325,2025,Chemical Genetics with SP600125 Reveals That Mps1 Protein Kinase Works as a Regulatory Element in Post-embryonic Development of the &lt;i&gt;Arabidopsis thaliana&lt;/i&gt; Root SystemAn Insight into Plant Cell Cycle Control.,d35f13ee5fecc56a29d47260b49d37f882c842f521599b1601da29b3f771ea83
doi:10.1038/hgv.2017.21,28611924,10.1038/hgv.2017.21,2020,PCS/MVA syndrome caused by an Alu insertion in the BUB1B gene.,db6847c73c8464cf5084ae5b8d2b0132c11e83ae025dfff23949e81ff58042d2
doi:10.1038/ng.3883,28553959,10.1038/ng.3883,2017,Biallelic TRIP13 mutations predispose to Wilms tumor and chromosome missegregation.,75825e7d166c5ce650031f557981ebcc48239d5a12a15dc936846bce673899b4
doi:10.1038/ng.822,21552266,10.1038/ng.822,2011,Mutations in CEP57 cause mosaic variegated aneuploidy syndrome.,f11b6ac1976f3a24403ab9f4b0e85c81604dc609b2f8fd81f055d11c691e7eab
doi:10.1038/s10038-023-01211-8,38102195,10.1038/s10038-023-01211-8,2024,RNA sequencing and target long-read sequencing reveal an intronic transposon insertion causing aberrant splicing.,a1603df45c771fcf259add05bd15d5b2fb4cada61edcf59b2e811171d39c412d
doi:10.1038/s12276-025-01608-9,41495421,10.1038/s12276-025-01608-9,2026,Roles of cytoskeleton in metastasis: from its mechanism to therapeutic strategies.,e4f48df0921b76b4dac6eb862798e944d3fa2a8101222dfe52b7dc039d954851
doi:10.1038/s12276-026-01774-4,42409962,10.1038/s12276-026-01774-4,2026,Multiscale systems modelling of communication networks in brain metastasis.,154427f7d18efae371feb9ad9d20d851d9329c28afbeb2c47abbb02f3758e2db
doi:10.1038/s41375-018-0029-9,29445113,10.1038/s41375-018-0029-9,2019,A decade of progress in myelodysplastic syndrome with chromosome 5q deletion.,ecff7ce7da44e7b8036429dd5e50245b1a262696fa1fcc961993fe16c94e3b8e
doi:10.1038/s41388-022-02227-8,35190641,10.1038/s41388-022-02227-8,2022,p53-NEIL1 co-abnormalities induce genomic instability and promote synthetic lethality with Chk1 inhibition in multiple myeloma having concomitant 17p13(del) and 1q21(gain).,8c185cf8467a8e5655925abf29aa42d5ebb78dabcee45bbb6ad4f7c909f27650
doi:10.1038/s41388-025-03300-8,39966556,10.1038/s41388-025-03300-8,2025,Deletion of 17p in cancers: Guilt by (p53) association.,4cd30205ada6418a7accc1e3b8a9ff505884dce4887bf1831fa2a8ef58694e11
doi:10.1038/s41392-023-01548-8,37679326,10.1038/s41392-023-01548-8,2023,A new wave of innovations within the DNA damage response.,87c670793fb52edbd14c4628f9d63d29d644d70d4fbb2741e672b1ea78dab34c
doi:10.1038/s41392-024-01767-7,38553459,10.1038/s41392-024-01767-7,2024,The two sides of chromosomal instability: drivers and brakes in cancer.,cd3a66f510b15d9d986bc4d7ea8b88b07ccf60dbab726782cb2d59b9df2709e4
doi:10.1038/s41392-026-02583-x,41881983,10.1038/s41392-026-02583-x,2026,Reactive oxygen species (ROS) in cancer: from mechanism to therapeutic implications.,d1126ee951740e6edb802fe8ef3e9cfc346a7b725014ad9158ea25020d9f9922
doi:10.1038/s41392-026-02850-x,42472831,10.1038/s41392-026-02850-x,2026,"Tumor evolution: signaling pathways, molecular mechanisms and therapeutic targets.",850236603fc1ca43db9aff473751da6c96a876ca7dfb045bb9e57e646b7922aa
doi:10.1038/s41419-024-06914-0,39043653,10.1038/s41419-024-06914-0,2024,BUB1b impairs chemotherapy sensitivity via resistance to ferroptosis in lung adenocarcinoma.,2c3c6151980f2d414ec70881cea4d6b0111955a98f37bad01e1ba47f1c06de35
doi:10.1038/s41419-025-08286-5,41360780,10.1038/s41419-025-08286-5,2025,MAP4 phosphorylation induced by ARID1A loss sensitizes colorectal cancer cells to EMP.,b2b0fd794c147623e840cb1f0b9271ff022ea15b12d864c3834b7861df7625cc
doi:10.1038/s41419-026-08652-x,41872154,10.1038/s41419-026-08652-x,2026,Loss of DIAPH3 accelerates glioma genesis in mice.,736407ca6a1a9c53a51b44e2b59469457d6da33d430d4d786568d515b061f2b1
doi:10.1038/s41420-025-02623-5,40659604,10.1038/s41420-025-02623-5,2025,Metabolic reprogramming in colorectal cancer: a review of aerobic glycolysis and its therapeutic implications for targeted treatment strategies.,5482fccf67c9ebfec074ce3f43810e8ae9fe9742797d67bd026aeee976a671fd
doi:10.1038/s41431-023-01423-8,37507557,10.1038/s41431-023-01423-8,2023,Clinical trio genome sequencing facilitates the interpretation of variants in cancer predisposition genes in paediatric tumour patients.,d4642c920a85c4d56a580a95926d3631491a45dafbd13ee609cc661855e2ef58
doi:10.1038/s41431-025-01807-y,40065011,10.1038/s41431-025-01807-y,2025,Building a hereditary cancer program in Colombia: analysis of germline pathogenic and likely pathogenic variants spectrum in a high-risk cohort.,c604ee0552331938f3676b264722a2e747ad7494da3b17c7085a7d5e43352c2e
doi:10.1038/s41467-023-37095-7,36906648,10.1038/s41467-023-37095-7,2023,Short-term molecular consequences of chromosome mis-segregation for genome stability.,f11ce16fe126dd5f269d514a3d3afdd6286bc4dc13dca5dc661f775e7f5b8b3b
doi:10.1038/s41467-025-58457-3,40189588,10.1038/s41467-025-58457-3,2025,Aneuploidy confers a unique transcriptional and phenotypic profile to Candida albicans.,1f9e31937e78daec774d78fdf9762c07cf05f2ca53ecc971d66fff00053311b2
doi:10.1038/s41467-025-60857-4,40527892,10.1038/s41467-025-60857-4,2025,Aneuploidy-induced proteostasis disruption impairs mitochondrial functions and mediates aggregation of mitochondrial precursor proteins through SQSTM1/p62.,25bc56900a90fc822368cc98b6e88ccb62281e0654ecf8194f92913738a19493
doi:10.1038/s41467-025-62316-6,40825761,10.1038/s41467-025-62316-6,2025,CENcyclopedia: dynamic landscape of kinetochore architecture throughout the cell cycle.,af82a743fd5a9ab9c91411fcb07af79baf3c9a2e4e87a9437dadd3b9c4207850
doi:10.1038/s41467-025-64148-w,41120314,10.1038/s41467-025-64148-w,2025,CENP-E initiates chromosome congression by opposing Aurora kinases to promote end-on attachments.,a50b710e6d601815abc567523ee97b3b059d179e5e16280f0c20cbaa9739adda
doi:10.1038/s41467-025-65915-5,41345094,10.1038/s41467-025-65915-5,2025,Inducible chromosomal rearrangement reveals nonlinear polygenic dosage effects in driving aneuploid yeast traits.,a29eabcd12758038cc2669bc103196d9416be95eb74df91534d9a95bbcba75e5
doi:10.1038/s41573-025-01369-0,41634401,10.1038/s41573-025-01369-0,2026,Targeting extrachromosomal DNA in human cancers.,e3235035e5cdfa90e5b4ff1fac5633077ce835b29281d0fe6a63f8bb95ff1a7a
doi:10.1038/s41586-020-03114-6,33505028,10.1038/s41586-020-03114-6,2021,Aneuploidy renders cancer cells vulnerable to mitotic checkpoint inhibition.,64141d21f35f6e626507fa8ef68c9bcbeb6624bb3c253e0abe3f9ea0b45a63ca
doi:10.1038/s41586-024-08509-3,39910293,10.1038/s41586-024-08509-3,2025,SKI complex loss renders 9p21.3-deleted or MSI-H cancers dependent on PELO.,cef78ba81077ef6be1951b5277abe634839b82de0503526acb2d4d893a4e3fb8
doi:10.1038/s41598-021-81563-3,33504817,10.1038/s41598-021-81563-3,2021,Depletion of Survivin suppresses docetaxel-induced apoptosis in HeLa cells by facilitating mitotic slippage.,419b3ad9f351af0be264575d973bb102935e228b67696dc5f4e3e7bf93e6a990
doi:10.1038/s41598-024-66244-1,38987356,10.1038/s41598-024-66244-1,2024,A whole-genome CRISPR screen identifies the spindle accessory checkpoint as a locus of nab-paclitaxel resistance in a pancreatic cancer cell line.,d02eaeac70f675c6d8ce577def133ea1a1bab6f4c0c7e3e087f7fb7e875a0f25
doi:10.1038/s41598-025-11673-9,40695988,10.1038/s41598-025-11673-9,2025,A minimal deterministic model reveals integration of spindle assembly and position checkpoints in mitosis.,1c09e3d3777dffc50005eca66f311da4b3eed92c855972dd3f9c035428f97c79
doi:10.1038/s41598-026-36364-x,41545558,10.1038/s41598-026-36364-x,2026,Translational evaluation of BUB1B as a precision medicine biomarker for hepatocellular carcinoma.,2ebe2bd9e52d21a5430e4042deb7f61e131dd2cf8a851bd40bed8a5229819dcc
doi:10.1038/s41698-026-01596-7,42436270,10.1038/s41698-026-01596-7,2026,Aurora kinase A is a synthetic lethal target in FANCA-deficient cancers.,37fbebd4f31164efa11267279f232ba4a3d8ddda322960380856ecf4fa5ecc0a
doi:10.1038/s42003-021-02278-9,34215848,10.1038/s42003-021-02278-9,2021,Genotoxic stress in constitutive trisomies induces autophagy and the innate immune response via the cGAS-STING pathway.,9671cdf585a38e8dfaee02cdb61fc8a47768a79d2676bf9a367dd51c5b9373c4
doi:10.1038/s44318-025-00372-w,39930267,10.1038/s44318-025-00372-w,2025,Proteogenomic analysis reveals adaptive strategies for alleviating the consequences of aneuploidy in cancer.,63681391d182093d262f78484313fdd0085d0d5edc704f403be1dcd145bbe84e
doi:10.1038/s44318-025-00461-w,40467861,10.1038/s44318-025-00461-w,2025,MPS1 promotes timely spindle bipolarization to prevent kinetochore-microtubule attachment errors in oocytes.,a907769634d7d626364b7414b41d8ae5bba0ebd6c9dede0f422941b0cd0a1db9
doi:10.1038/s44319-024-00106-9,38424231,10.1038/s44319-024-00106-9,2024,CKAP5 stabilizes CENP-E at kinetochores by regulating microtubule-chromosome attachments.,d46987b8007195f2c86cd8901f63c2bdb773417a5f588f3926fa78b2eb63eb74
doi:10.1038/s44319-026-00767-8,41965830,10.1038/s44319-026-00767-8,2026,Combinatorial effects of multiple genes contribute to beneficial aneuploidy phenotypes.,d7cfdb58f9f3697ef26b22504017efbafd7ce87a4edfbb0dfba47ed8b7c67d44
doi:10.1038/s44320-026-00187-9,41571838,10.1038/s44320-026-00187-9,2026,Protein buffering of aneuploidy is driven by coordinated factors identified through machine learning.,cc95a59e3dbf26bc74c98c5a8c85f0424240fb54158b5f04b6a60153aa0beee4
doi:10.1053/j.seminhematol.2017.06.003,28958290,10.1053/j.seminhematol.2017.06.003,2017,Lenalidomide: Myelodysplastic syndromes with del(5q) and beyond.,de766d25cccfae7f40b6d89dec0dd655700be70f7c6e950307bd40ec64cc390d
doi:10.1056/nejmoa1006565,21190457,10.1056/NEJMoa1006565,2011,Homozygous BUB1B mutation and susceptibility to gastrointestinal neoplasia.,a1670365da26f2647d139235143a4e7446963a90ef6d52d4704a49950ac75e42
doi:10.1073/pnas.0812096106,19139399,10.1073/pnas.0812096106,2009,TAp73 regulates the spindle assembly checkpoint by modulating BubR1 activity.,d4498ab8d26728def1e3649649b710383821eff40c06b142b956c464689d2a01
doi:10.1073/pnas.1317008111,24344301,10.1073/pnas.1317008111,2014,TALEN-mediated single-base-pair editing identification of an intergenic mutation upstream of BUB1B as causative of PCS (MVA) syndrome.,2350ef842af6b065ff6d41580acf47492c1905726ab5e3eef7034bd8d34c3f4c
doi:10.1073/pnas.2119588119,35290114,10.1073/pnas.2119588119,2022,Global genomic instability caused by reduced expression of DNA polymerase &#x3b5; in yeast.,01f749690892ba3ec54ed143ad5a98a0cde3a468539e2bbd14e4df36344700de
doi:10.1073/pnas.2208255119,36191188,10.1073/pnas.2208255119,2022,Hyper-active RAS/MAPK introduces cancer-specific mitotic vulnerabilities.,6802dd7ff0d1e49fa99b1e74bf2f365da5c1a88dede3c2e1afa285b47e3c3672
doi:10.1073/pnas.2522063123,42190013,10.1073/pnas.2522063123,2026,Growth under pressure: The pros and cons of polyploidy induced by stress.,7badaa9de0a488764837c18831d534de8f324e8da3791d61d0d5df93d6b6d874
doi:10.1073/pnas.2525144122,41481470,10.1073/pnas.2525144122,2026,CHAMP1 complex promotes heterochromatin assembly and reduces replication stress.,9a1820b8ee2f4da6431017dff320211b2e97165a280ce62b72b6387f947ef299
doi:10.1080/07853890.2026.2620184,41606986,10.1080/07853890.2026.2620184,2026,"A system-level metastable model of cancer evolution: integrating replication stress, cell cycle deregulation and chromosomal instability.",8ae10cd13af7b70b3a25aaffac9beada3646c3aa8ea40b75d2bfeeca0c89151b
doi:10.1080/13543784.2026.2616752,41543111,10.1080/13543784.2026.2616752,2026,KIF18A inhibition and its rising role in cancer therapy trials: from bench to bedside.,8d6a08dff654ea96af88b0d3d092a9b8d06871c89dcdaf414486632815545001
doi:10.1080/14756366.2025.2598478,41395847,10.1080/14756366.2025.2598478,2026,Antitumor activity and structure-activity relationship of poly (ADP-ribose) polymerase (PARP)-based dual inhibitors.,57b71597b814c3e021957fca7f358ff8e0b4cc22fe4b546a2b75d0853dad3433
doi:10.1080/15384101.2017.1325042,28562161,10.1080/15384101.2017.1325042,2018,PP2A-B56&#x3b3; is required for an efficient spindle assembly checkpoint.,b6adc6c25a4fd36ad82017677f1385238e7e9db0df9e7df41e0bc7c4a3c96d93
doi:10.1080/15384101.2026.2653527,41930946,10.1080/15384101.2026.2653527,2026,Mitotic error correction and the spindle assembly checkpoint: a tension-filled relationship.,5906a702bcb139323e155ea691d7f7e2f57b5a5ab8a651775bcebe07041c604d
doi:10.1080/23723556.2017.1405141,29404399,10.1080/23723556.2017.1405141,2018,The turtle and the rabbit story in a modern (PI3)key.,eff58a549620da4eb96a53e0176bd3c8c8b9deaa2bd8dca7893b13f3313aed00
doi:10.1080/23723556.2024.2369388,38919375,10.1080/23723556.2024.2369388,2024,Selection forces underlying aneuploidy patterns in cancer.,594c5a53c85e55e34576a43d8ce181d88a361d8c67514927f8f17e3a242c961c
doi:10.1083/jcb.201210099,23878276,10.1083/jcb.201210099,2013,Loss of BubR1 acetylation causes defects in spindle assembly checkpoint signaling and promotes tumor formation.,2a5574b92396a83dd88348ebe5325bfa88f648f1f8c2ade40dcbd71942292ba5
doi:10.1083/jcb.201905026,31511308,10.1083/jcb.201905026,2020,Checkpoint signaling and error correction require regulation of the MPS1 T-loop by PP2A-B56.,f7d6ce5b49950ed3007ce0395742f5ed751269e187d90f03e3017849511fdf28
doi:10.1091/mbc.e24-02-0067,38865189,10.1091/mbc.e24-02-0067,2024,Meiosis-specific functions of kinetochore protein SPC105R required for chromosome segregation in <i>Drosophila</i> oocytes.,042ea4d1ed6a014eb15da87e7dcbab1fdf0c1be1987785cbf3bb4e5528ea1c6d
doi:10.1093/bib/bbaf729,41537307,10.1093/bib/bbaf729,2026,Artificial intelligence in mitotic checkpoint modeling: transforming our understanding of cellular division through machine learning and predictive biology.,63f65eb13e123167406b75a1e0296cf2cb533007e7502ae59548e1378fcbf472
doi:10.1093/biolre/ioz084,31077289,10.1093/biolre/ioz084,2019,Genetics of human female infertility†.,50cdd10e3a515a8d185a5715de2f9636ed28276842d4b5e49ea049f00e7a6730
doi:10.1093/carcin/bgp081,19372138,10.1093/carcin/bgp081,2009,Enhanced genomic instabilities caused by deregulated microtubule dynamics and chromosome segregation: a perspective from genetic studies in mice.,0aded9ce34fb656e76b8cfa7af9271cec999897930ce6d0c5a7ac5e9c5faab91
doi:10.1093/database/bat038,23749465,10.1093/database/bat038,2013,"Construction of protein phosphorylation networks by data mining, text mining and ontology integration: analysis of the spindle checkpoint.",323391dd0b7b6e7c6c0ff4c4165274c6c2e25da2ae474453301492b2cf211354
doi:10.1093/genetics/iyad052,37010100,10.1093/genetics/iyad052,2023,Dicentric chromosome breakage in Drosophila melanogaster is influenced by pericentric heterochromatin and occurs in nonconserved hotspots.,ef15aad6d5a2adb3c03639045c8b93aaaab12fefdcada9f8b019b03201f69660
doi:10.1093/hmg/ddr090,21389084,10.1093/hmg/ddr090,2011,"Insufficiency of BUBR1, a mitotic spindle checkpoint regulator, causes impaired ciliogenesis in vertebrates.",d8651750a10c06eb1b7db178729b1543f2936bb045c569868d57b75a5fc930f1
doi:10.1093/jmcb/mjae016,38710586,10.1093/jmcb/mjae016,2024,Chromothripsis: an emerging crossroad from aberrant mitosis to therapeutic opportunities.,c4fb848442ad7580fbe54367c4479ebbfb20334b2bf0317e167f0d782db4e1bf
doi:10.1093/jmcb/mjae026,38830800,10.1093/jmcb/mjae026,2024,ZW10: an emerging orchestrator of organelle dynamics during the cell division cycle.,7b405c9939f814e9aa139227f5e6bcb4b4af0ebf35d3dc7369551f4c588ebb75
doi:10.1093/jmcb/mjag034,42667364,10.1093/jmcb/mjag034,2026,MAD2B guides chromosome stability in mitosis via the MAD2B-CIP2A signaling axis.,8e0bfc4edf08956597ecd841ec11845264f132f7803933e1639de81b92b776fe
doi:10.1093/molehr/gaq025,20406800,10.1093/molehr/gaq025,2010,"MCAK is present at centromeres, midspindle and chiasmata and involved in silencing of the spindle assembly checkpoint in mammalian oocytes.",defda5e9e1a437de4cd3ebb6cf0eb21a68a31673f0630d3b9bd3eee54e0a1318
doi:10.1093/nar/gkaf1517,41533580,10.1093/nar/gkaf1517,2026,Linking kinetochore attachment to checkpoint control: the role of Aurora B in BubR1 acetylation.,a82c7c27cfd97f5e61c106f2a2ab8f298cfded80c6f761589cd83e803cb6054a
doi:10.1093/nar/gkaf476,40498077,10.1093/nar/gkaf476,2025,KIF2C condensation concentrates PLK1 and phosphorylated BRCA2 on kinetochore microtubules in mitosis.,feeb4bf0ce10dbdf2bba8b2899e3e90be108225a0414b71b34e6f501b8d65f3d
doi:10.1093/noajnl/vdaf233,41473744,10.1093/noajnl/vdaf233,2025,DIAPH3 is upregulated in high-grade gliomas and linked to chromosomal instability.,6d5311ee41b28348802902946ca1f4f68554926e7d78c2e310d70f2fb40e5e0d
doi:10.1093/noajnl/vdag177,42549406,10.1093/noajnl/vdag177,2026,Targeting replication stress in glioblastoma: From genotoxic treatment and inhibitors of the DNA damage response to immunotherapy.,c813528352889483974ab84cdab2d5c683c590506b1a6b1887e4ef1ae80bdc78
doi:10.1101/2022.05.22.492960,,10.1101/2022.05.22.492960,2022,A bifunctional kinase-phosphatase module integrates mitotic checkpoint and error-correction signalling to ensure mitotic fidelity,d3ba3e3a893be2bebe1d2757d485b4d98cda8217fe7e3b25c899d193f5a248e2
doi:10.1101/2023.03.27.534412,37034740,10.1101/2023.03.27.534412,2023,Replicative stress in gastroesophageal adenocarcinoma is associated with chromosomal instability and sensitivity to DNA damage response inhibitors.,8826e48cf46474791af72aa5c75b61c83a728af5abd0ab5553876ed7cca31b23
doi:10.1101/2025.05.23.655733,,10.1101/2025.05.23.655733,2025,Single kinetochores execute an ordered series of molecular events as the Spindle Assembly Checkpoint is silenced,ec405ac17ea494ee6f6dc5d797e6750b5c64724678fc315de08d0e36a6632f05
doi:10.1101/2025.07.01.662622,,10.1101/2025.07.01.662622,2025,Cell enlargement causes mitotic errors and aneuploidy in cells that evade senescence after CDK4/6 inhibition,90821792ad05958a3c5620b1dec751811afe362b83988bae9124548fb3ebe508
doi:10.1101/2025.09.12.675799,,10.1101/2025.09.12.675799,2025,Increased activity of PRMT5-MEP50 complex improves survival of chromosomally unstable cancer cells by increasing tolerance to protein aggregation and proteotoxicity,881a1419c09c3b5804f1e5673cad5511f96c1a6fc0a75de6dd695dc1e9317c49
doi:10.1101/2025.11.04.686612,,10.1101/2025.11.04.686612,2025,<i>Cryptococcus neoformans</i>  employs both PP1 and PP2A phosphatases to silence the spindle checkpoint,9cc347cbd0975e4029b363f49ceba5996b79c06689480c582ffa26f99ffd06de
doi:10.1101/gad.352512.124,40324880,10.1101/gad.352512.124,2025,Aneuploidy generates enhanced nucleotide dependency and sensitivity to metabolic perturbation.,6535518079d2064b0bd6729c2e17efa0d74b8b2c9a9d324f0452845b29773629
doi:10.1101/gad.352766.125,40721295,10.1101/gad.352766.125,2025,Modeling and targeting general and chromosome-specific aneuploidy in cancer.,9937f39e73978cd56980f386e0c8b9a96378944d9b897f08b8b3106fd1f24afd
doi:10.1111/acel.12698,29067790,10.1111/acel.12698,2019,Sirt2-BubR1 acetylation pathway mediates the effects of advanced maternal age on oocyte quality.,39f4892a58e5596f46e97ae72add11a0416ca143e07e68102c34cbcf60b7dd4f
doi:10.1111/jog.13647,29673003,10.1111/jog.13647,2018,Prenatal diagnosis of premature chromatid separation/mosaic variegated aneuploidy (PCS/MVA) syndrome.,e9dbc27253f50b0d9601ac43ee80ee1b881c903dbe06a5ad20e8304e5e04dc36
doi:10.1126/sciadv.adu8849,42102213,10.1126/sciadv.adu8849,2026,PARP2 deficiency impairs pancreatic cancer progression by promoting genomic instability and antitumor immunity.,57600b3a0ad026832aabaee3950fccd281caa5fc04b0a251fae62c2274fdeb76
doi:10.1126/sciadv.aea1660,41706839,10.1126/sciadv.aea1660,2026,Aneuploidy of chromosome 8 promotes the mesenchymal lineage during cell fate transitions.,72551bf520e63d9c94704e42fe0e25cdab85132b9081352ff5a1a1e31fc5acf4
doi:10.1126/sciadv.aea2112,41880487,10.1126/sciadv.aea2112,2026,Microtubules guide Aurora B substrate geometries for accurate chromosome segregation.,84bec8867e84d0985d40a95970b1f45926470cd6be7df9c43feb1d9a4611fa72
doi:10.1126/scitranslmed.adx6797,41442499,10.1126/scitranslmed.adx6797,2025,Rb1 deficiency induces synthetic lethality with ATR and PKMYT1 coinhibition in breast cancer cell lines and patient-derived xenografts.,993c50e0bd7cd25adb76a0ee4104ff68689531af67609321f0ffafe86bc960aa
doi:10.1128/mbio.00531-26,41995324,10.1128/mbio.00531-26,2026,"Loss of Pol32, a subunit of DNA polymerases &#x3b4; and &#x3b6;, leads to different patterns of genome stability than direct impairment of these individual polymerases.",9eb48ba308968951de3ae4aaadb6ef78f4e65bcbaac58903bbca06a45c1fc9d6
doi:10.1128/mcb.01339-08,19124610,10.1128/MCB.01339-08,2009,TRF1 controls telomere length and mitotic fidelity in epithelial homeostasis.,ee2497f8fe313044550a30c5edf56e9e3e49d802b298e0e0ed0f529419cbf0a1
doi:10.1146/annurev-cancerbio-071124-101613,42137044,10.1146/annurev-cancerbio-071124-101613,2026,Impact of Chromosomal Instability and Aneuploidy in Cancer Development.,c55d527cb193f7f85a35b7df9cb553808f4d1a8239523cdcabe3aeed37b7179a
doi:10.1146/annurev-genom-111723-103557,40333415,10.1146/annurev-genom-111723-103557,2025,The Hallmarks of Aneuploidy in Cancer and Congenital Syndromes.,da06dce933bc23ebc66cb7f2fb40819f7fc7c00f0ed0bcf673545fab11957c58
doi:10.1152/physiol.00027.2025,41117414,10.1152/physiol.00027.2025,2026,Peculiarities of the Mammalian Oocyte Cell Cycle.,02a20749aa0b469deba00e8e6f9f165f3fb38dd3056ad728eaef930be85cd6b6
doi:10.1155/ancp/5527243,42223165,10.1155/ancp/5527243,2026,"Colorectal Adenocarcinoma: A Comprehensive Narrative Review of Molecular Pathogenesis, Metabolic Vulnerabilities, and Therapeutic Potential of Sorghum Polyphenols.",d3a7281be5ac209065b4046077fb49630f7fd34ffa1df23d179db1c72116cfb5
doi:10.1155/bmri/8227229,41439111,10.1155/bmri/8227229,2025,A Systems Biology and Drug Repositioning Approach for the Analysis of Mutual Genes Between Celiac Disease and Irritable Bowel Syndrome.,8a230ec3d21ac39c25238bb49f4609810637e69bd516a9bbc9e7a1a7cc5a2d25
doi:10.1155/humu/7757115,42317213,10.1155/humu/7757115,2026,From Germline Susceptibility to Therapeutic Vulnerability: DNA Damage Response Gene Mutations Driving Multiple Myeloma Evolution and Precision Therapy.,c66612a80e312ee7fdee1087062658a3882bc7a54ad13532a36d561180886ad6
doi:10.1155/humu/9292971,42206268,10.1155/humu/9292971,2026,CENPA as a Genome Stability-Associated Biomarker in Hepatocellular Carcinoma: Multiomics Analysis and Experimental Validation.,e6d093d7ce1398f9b060cb388c10bb4e17a20e0fd6cf753e9e853c6e23b7fc47
doi:10.1155/humu/9501906,42087893,10.1155/humu/9501906,2026,Periostin Safeguards EGFR-Driven Genomic Instability and Sustains the Immune-Suppressive Niche in Glioblastoma.,8e2d91b103f24a19f65296c71602ce30e8e9f3f41a2b4ac6d059f5fdff557f51
doi:10.1158/0008-5472.can-25-3849,41941748,10.1158/0008-5472.CAN-25-3849,2026,DPY30 Is an Epigenetic Decoupler Linking Replication Stress to Immunoediting in Pancreatic Cancer.,76d3a5b114708a192a20943f6e2c1637152f201dcec787b8c1abbcfd5f94856f
doi:10.1158/1535-7163.mct-24-0928,40105672,10.1158/1535-7163.MCT-24-0928,2025,Coinhibition of Aurora Kinase B and SUV4-20H Induces Synthetic Lethality in Wild-type p53-Deficient Cancer Cells.,94037486f96a80cdddbe317803cc003ec4e9b7b4b8fe2ab11645659b56c9e9b9
doi:10.1158/1535-7163.mct-25-1196,41873535,10.1158/1535-7163.MCT-25-1196,2026,DHX9 Inhibition Enhances Paclitaxel Sensitivity by Inducing Mitotic Failure in Ovarian and Endometrial Cancers.,2242c9246c770e41d9d4e227e5123e9d3f0dd455ab3a23f6e48c3a5f2cc68f6e
doi:10.1158/2159-8290.cd-23-0309,39247952,10.1158/2159-8290.CD-23-0309,2024,Increased RNA and Protein Degradation Is Required for Counteracting Transcriptional Burden and Proteotoxic Stress in Human Aneuploid Cells.,4906b157dcd9d87b8bedcd6bff90a5859d7a6ea854d1eb6682642d58efca8735
doi:10.1158/2159-8290.cd-25-1735,42188872,10.1158/2159-8290.cd-25-1735,2026,A foundation model of cancer genotype enables precise predictions of therapeutic response.,c192368f187382219e3c37e0839cc7637fe92444534e3610cf26214b4b3366e3
doi:10.1158/2767-9764.crc-25-0807,42027080,10.1158/2767-9764.CRC-25-0807,2026,ALDH+ Anaplastic Thyroid Cancer Cells Show Vulnerability to a Pharmacologic Inducer of Centrosome Declustering.,6af169a6032668493002eb1ccbdbda57c9382674e7e5773759446772f410f727
doi:10.1161/jaha.121.021768,34323119,10.1161/JAHA.121.021768,2021,Replication Stress Response Modifies Sarcomeric Cardiomyopathy Remodeling.,8c5783632ea89c7566ce655c3d038d793054918484166100ca5353baae4dc81b
doi:10.1161/jaha.124.038286,40055864,10.1161/jaha.124.038286,2025,BubR1 Controls Heart Development by Promoting Expression of Cardiogenesis Regulators.,68c2d6a36414d908bb29640fa60e08aa1a00c3f9c83e8b344bd1ac06f331f82c
doi:10.1172/jci.insight.170079,37796616,10.1172/jci.insight.170079,2023,Biallelic MAD2L1BP (p31comet) mutation is associated with mosaic aneuploidy and juvenile granulosa cell tumors.,71e4ae29866535ecf330ff005822bf7e0f6d996fd33dbf0796dc5731ac76a9af
doi:10.1172/jci120316,30035751,10.1172/jci120316,2018,Mosaic-variegated aneuploidy syndrome mutation or haploinsufficiency in Cep57 impairs tumor suppression.,47a3164f76556984241fbdb66474172e78c765256d392732229ad2e0a1be735a
doi:10.1172/jci126863,31738183,10.1172/JCI126863,2020,BubR1 allelic effects drive phenotypic heterogeneity in mosaic-variegated aneuploidy progeria syndrome.,29918516b2bc4a558b1714e183113cc297409fdfc120bd3530cb316c1f6f9c1d
doi:10.1177/11782234261428784,41836220,10.1177/11782234261428784,2026,Zeste White 10 May Serve as a Prognostic Biomarker and Therapeutic Target for Human Breast Cancer.,71898aded26a4851f4e1764fd363de39c2abdedb2486535706516565ad8eec85
doi:10.1177/18758592261468586,42445957,10.1177/18758592261468586,2026,Gene expression profiling of ovarian cancer reveals candidate diagnostic and prognostic biomarkers: An integrated bioinformatics approach.,54f00fdb1cc4649f8548a1721f011e6b6f568bc92b9dd64ce1ed697c84051766
doi:10.1182/blood.2025031996,42166356,10.1182/blood.2025031996,2026,Chromosome 5q deletion drives evolution of aneuploidy in myeloid neoplasms with complex karyotype.,680efdd5ce8f98710d0443a6f063729fc15e7b6c94595646850f0a17519b832c
doi:10.1183/13993003.01272-2025,41819537,10.1183/13993003.01272-2025,2026,Hallmarks of the ageing lung: 10 years later.,48478cf5ab5e20afd6468df27b9e79ff6d6d7997818006cb59815172c10a9470
doi:10.1186/s12890-025-03490-7,39799294,10.1186/s12890-025-03490-7,2025,Comprehensive analysis pinpoints CCNA2 as a prognostic and immunological biomarker in non-small cell lung cancer.,9074a6626a07bc518eb599f1c2fa2abadde09f1b62dd3742e9e844971a244e3e
doi:10.1186/s12929-024-01056-z,39014450,10.1186/s12929-024-01056-z,2024,BUB1B monoallelic germline variants contribute to prostate cancer predisposition by triggering chromosomal instability.,c8d309ec8fc781c95a0a25ba0a65d36f5346df8b42844f3cea2fbeea52a3cd1a
doi:10.1186/s12943-025-02353-3,40533769,10.1186/s12943-025-02353-3,2025,Aurora kinases signaling in cancer: from molecular perception to targeted therapies.,17a4ece4cecc43b974c9a7683c0a29fee45422acf9ce2fc72936d7c01b42dfef
doi:10.1186/s12943-026-02573-1,41566389,10.1186/s12943-026-02573-1,2026,Lactylation in cancer: molecular mechanisms and advances in clinical study.,dd60c58350915185dbf8e995a61a205ac43841e47002ab0a9c223cb7420fa7f3
doi:10.1186/s12943-026-02658-x,41992238,10.1186/s12943-026-02658-x,2026,The evolving role of OMICS in gastrointestinal tumor biology and clinical practice.,b29b211a674f7d36b57f2badff345d4d31c252dab30ae537a9f8f18c479ce326
doi:10.1186/s12957-025-04070-z,41184881,10.1186/s12957-025-04070-z,2025,HROB is a novel prognostic biomarker correlated with immune cell infiltration and tumor progression in lung adenocarcinoma.,9ff5aac4b4f46bcd5afe1250fe8c9861d2298a9a066f322dcab20be2794c4e32
doi:10.1186/s12957-025-04175-5,41526964,10.1186/s12957-025-04175-5,2026,Multi-omics analysis identifies BUB1B as a cell cycle-related driver of bladder cancer progression.,696fef64ef3bb8365acb557552dec94c06dd9c9ecc5003ab5d2db0ab58a9daf8
doi:10.1186/s12964-026-02756-9,41896862,10.1186/s12964-026-02756-9,2026,The hexosamine biosynthetic pathway alters the cytoskeleton to modulate cell proliferation and migration in aggressive prostate cancer.,651e5e1744d7d4bb421e7769da09736c8bfc2f384f34cf8b54e2d3d217796f90
doi:10.1186/s12964-026-02817-z,41827022,10.1186/s12964-026-02817-z,2026,Orchestrating homolog segregation in meiosis I: molecular logic and regulatory networks with emphasis on male metaphase I.,30b8d57b304ca6aae3448c65b129644a22090cce3e48b55cbe0a21b9da4401f0
doi:10.1186/s13027-025-00720-9,41372946,10.1186/s13027-025-00720-9,2026,"Epstein-Barr virus infection shapes the genetic, transcriptomic, and immune microenvironment landscape of Burkitt lymphoma.",64029db57a1ce8f788142c458a7450a9a665348e509e44668c9c629583b69acb
doi:10.1186/s13046-022-02321-5,35287703,10.1186/s13046-022-02321-5,2022,The multifaceted roles of cohesin in cancer.,5e1c32de5583d939cbedd726ef9e34c25981c5e788e1f7570a83e24838249788
doi:10.1186/s13046-026-03694-7,41913269,10.1186/s13046-026-03694-7,2026,Human iPSC-derived and conventional cancer models in precision oncology: advancing patient-specific therapies from bench to bedside.,dc50c70bb4dd980b6b89c9a368992cd8417d65ab9a54bf6e25b54714a4ebe1ec
doi:10.1186/s13048-025-01860-7,41257949,10.1186/s13048-025-01860-7,2025,Genome doubling as a dynamic driver of ovarian cancer evolution: insights from single-cell sequencing.,70296c6b26cf5d8f0f3a873e6e865641ff42d03bd15fe9ac2e7e32885589bca6
doi:10.1186/s13073-020-00730-9,32345369,10.1186/s13073-020-00730-9,2021,Centromeric cohesion failure invokes a conserved choreography of chromosomal mis-segregations in pancreatic neuroendocrine tumor.,e31346544e64f181b8b3ee9f9139c6934021981516cc23ecb7b5455fde73342b
doi:10.1186/s13073-025-01509-6,41188872,10.1186/s13073-025-01509-6,2025,Genome instability and&#xa0;crosstalk with the immune response.,1876b4fbb531feb625c45403e54578fe179317e161c38e32333b328f7d44e646
doi:10.1186/s13578-024-01289-3,39160596,10.1186/s13578-024-01289-3,2024,The tripartite motif-containing 24 is a multifunctional player in human cancer.,692a7852ac139fc4dc375aeb710ca3fce65ba6216511cdf4159d70a396c37be4
doi:10.1186/s13578-025-01416-8,40462232,10.1186/s13578-025-01416-8,2025,Linear ubiquitination of p31&lt;sup&gt;comet&lt;/sup&gt; by HOIP couples cytokine response with mitotic regulation.,26230c9a13a0db232e6c1ce1831470682c2af078fe3f70c8c2104db05f84dc57
doi:10.1186/s40164-023-00444-9,37740236,10.1186/s40164-023-00444-9,2023,Recent advances and future perspectives in the therapeutics of prostate cancer.,1ba840d9cdfd26bcd2b89245bcd52ad23e180cc1b92e0a26c06dfd36fdd68f50
doi:10.1186/s40164-026-00775-3,42001172,10.1186/s40164-026-00775-3,2026,Metabolic drivers of genome instability in cancer: mechanisms and therapeutic opportunities.,e689e474421429c2c7712d50df167a7cfbdbd0e20ea0693744edf282bd75ea9c
doi:10.1186/s41016-025-00407-5,41053901,10.1186/s41016-025-00407-5,2025,Identifying the role of aging-related genes in intracranial aneurysms through bioinformatics analysis.,23d5f31864e0f8e56a211745cd00dcbab139895d23f60edb144cb54b5b46999e
doi:10.1186/s43556-026-00411-w,41692895,10.1186/s43556-026-00411-w,2026,"Tumor cell cycle regulation: integrated perspective of stage characteristics, regulatory networks, and signaling pathway intervention strategies.",0336a4e1b89086a346cd6eed7a955345e37f9d42227a12fd3b3516c7fe607500
doi:10.1242/dev.078352,22513372,10.1242/dev.078352,2012,Spindle assembly checkpoint signalling is uncoupled from chromosomal position in mouse oocytes.,1fe971235c545489ba736087907ddb983604644b3221eb3b0a82982c2f9ef89e
doi:10.1242/dmm.049673,36444717,10.1242/dmm.049673,2022,Reducing the aneuploid cell burden - cell competition and the ribosome connection.,7ebeb75ea722f8f6ba6b5b3f10c392838c499f32cc684c1d7f718ec593028b4b
doi:10.1242/jcs.169821,26148513,10.1242/jcs.169821,2016,Dissecting the roles of human BUB1 in the spindle assembly checkpoint.,29f0cf5d3c46cc55c18a3bb43f63c2f39048aa437374e9c1a881dc3199e6a02c
doi:10.1371/journal.pcbi.1011122,37228122,10.1371/journal.pcbi.1011122,2023,Inferring evolutionary trajectories from cross-sectional transcriptomic data to mirror lung adenocarcinoma progression.,ddd1d80c5040f199e97f979219d5796ea65d70daf5c2190477b0a6032e56ea58
doi:10.1371/journal.pgen.1000417,19283064,10.1371/journal.pgen.1000417,2009,Sequential assembly of centromeric proteins in male mouse meiosis.,d934481a61d38573c47a35792cb5a445967358892e803eaac161d33a4993e18b
doi:10.1371/journal.pgen.1011400,39879252,10.1371/journal.pgen.1011400,2025,Distinct checkpoint and homolog biorientation pathways regulate meiosis I in Drosophila oocytes.,1bf309a08fb8d08b518f8c7a818fb2c9c245d185259106cf65931d471538e2fd
doi:10.1371/journal.pone.0339415,41790716,10.1371/journal.pone.0339415,2026,Prognostic stratification in hepatocellular carcinoma using a telomerase-related lncRNA signature derived from TCGA database.,5ea11d915d26ecc293a2227c8d3abb230cbc7d55a76b79ae96cf0df97de47bd1
doi:10.14740/wjon2764,42490812,10.14740/wjon2764,2026,RAD51 in Breast Cancer: From Vulnerability to Resistance.,b9ec37c6c58ed5373dc4283c510d89fe224c7bc27ef1e070e5dc4634bcd73105
doi:10.14740/wjon2768,42490819,10.14740/wjon2768,2026,Integrated Bioinformatics Analysis Identifies NCAPG2 as an Immune-Related Prognostic Biomarker in Breast Cancer.,c5732f7a02dec3b8e23452f3c2fb2cb82f75e9b81b737a9726165a29455747ec
doi:10.1515/hsz-2024-0163,40221883,10.1515/hsz-2024-0163,2025,The proteostasis burden of aneuploidy.,ce10755abdd9cfaf3481df0f028995da679c61573c90da6324cb13d5d6b92e26
doi:10.1515/mr-2025-0082,42382187,10.1515/mr-2025-0082,2026,Decoding DNA metabolism and its clinical relevance through the lens of high-throughput sequencing assays.,ff885b9b5fd62b0a6b9e84db656752b0016371cf38d0945639307ecc7c5a1e7e
doi:10.1517/13543784.17.4.523,18363517,10.1517/13543784.17.4.523,2008,Epothilones and new analogues of the microtubule modulators in taxane-resistant disease.,4143828e71e63b0f520405a95e6544f68029943b5524ddd5080e3a6b00ade377
doi:10.15252/embj.2020106536,34009673,10.15252/embj.2020106536,2021,Chromosomal instability by mutations in the novel minor spliceosome component CENATAC.,db5050bbed68038fbf4edab8e6f440f03fe4b26684800c1aa0b0cdc6a8b66644
doi:10.15252/embj.2022112630,37712330,10.15252/embj.2022112630,2023,A bifunctional kinase-phosphatase module balances mitotic checkpoint strength and kinetochore-microtubule attachment stability.,940dbae40d1535c99ecdb246f4e7bac492bce34df7bbcd912cb2a7507ad6a16e
doi:10.15698/cst2025.10.312,41281418,10.15698/cst2025.10.312,2025,Quantifying replication stress in cancer without proliferation confounding.,a156eea314b4020adf894a388062deb8bd5002b9b5ff3389635647168ccfc549
doi:10.18699/vjgb-25-37,40556977,10.18699/vjgb-25-37,2025,From cytogenetics to proteogenomics: new horizons in the study of aneuploidies.,0ba8948c3aa351e687b135510f2bc68f3dde576765358c9111406027e1d424ca
doi:10.2147/jbm.s546793,41244957,10.2147/jbm.s546793,2025,Bioinformatics Identification of SPAG5 as a Potential Prognostic Biomarker in Diffuse Large B-Cell Lymphoma.,fb57499d08b849d19d2cbd63a9fb3d4a92dcd1afa72aaee2119e9bc47d754a5e
doi:10.2147/ott.s380016,36388157,10.2147/ott.s380016,2022,Clinical Applications of Aneuploidies in Evolution of NSCLC Patients: Current Status and Application Prospect.,a908929970849a08323c4b2d85f5c8f4f53d3d5a6e16614faa148871c941876e
doi:10.22099/mbrc.2024.51170.2037,40028477,10.22099/mbrc.2024.51170.2037,2025,Pathogenic variants of <i>BUB1</i> and <i>BUBR1</i> genes are not prioritized in screening tests of couples with aborted aneuploid fetuses.,4b0f67271bff7344da0191bc7105a1c43a73c9f0459e5f7652b94ea31308497a
doi:10.3389/fcell.2021.634536,33665191,10.3389/fcell.2021.634536,2021,Genes Regulating Spermatogenesis and Sperm Function Associated With Rare Disorders.,4087a669c856f2b040ae29659d31d07a06d24d9683a262a4a7e826056289a7bb
doi:10.3389/fcell.2023.1282182,37900274,10.3389/fcell.2023.1282182,2025,P53 independent pathogenic mechanisms contribute to BubR1 microcephaly.,aa6d055960d1e6478fc50ed9062ea0ec2d577326192e473d72f54f684f6e596c
doi:10.3389/fcell.2024.1491394,39911185,10.3389/fcell.2024.1491394,2024,Role of spindle assembly checkpoint proteins in gametogenesis and embryogenesis.,cb2f4b33df094a61a321ff12894caf81f373378f894b582d3b084bec6558e7a9
doi:10.3389/fcell.2026.1797677,42317265,10.3389/fcell.2026.1797677,2026,"Telomere-driven dysfunctional changes in gynecological cancers: mechanistic insights, biomarker potential, and therapeutic targeting.",d110fcef87fe198f82f6e88f6a06245e5e5a20732975f010dc67e63fcb0bab4c
doi:10.3389/fcimb.2023.1102462,36779182,10.3389/fcimb.2023.1102462,2023,"Life in plastic, it's fantastic! How Leishmania exploit genome instability to shape gene expression.",05194374793d4c880c05b29181c123b3b8bb41a53c031b18f7ae70f3ea12a65a
doi:10.3389/fendo.2025.1711016,41836315,10.3389/fendo.2025.1711016,2025,Female reproductive capacity preservation: antioxidant strategies in combating ovarian aging and cryopreservation challenges.,63bca8b3198ae4ef8ed2306337b2f1876e575f499acf227115a4f99890c63e74
doi:10.3389/fendo.2026.1683905,42434304,10.3389/fendo.2026.1683905,2026,"Apoptosis in non-obstructive azoospermia: pathway crosstalk, cell-type vulnerability, and translational implications.",670f42a9b4cb772bac3dcc48ffaebdae6df20ebf9d1535ac16f2c3604443a989
doi:10.3389/fendo.2026.1838559,42434306,10.3389/fendo.2026.1838559,2026,Functional and clinical evidence for two novel heterozygous &lt;i&gt;BUB1B&lt;/i&gt; variants and their value in precision genetic counseling for recurrent pregnancy loss.,a8807d41b61a5497f97faffc33527691609b14c67c76506dab862889b0074847
doi:10.3389/fgene.2022.941565,35832196,10.3389/fgene.2022.941565,2022,The Role of the APC/C and Its Coactivators Cdh1 and Cdc20 in Cancer Development and Therapy.,04a0679e494abe5680e273d749319489e19be6c43476f3cc8ab3103396eb06ed
doi:10.3389/fgene.2026.1832358,42338979,10.3389/fgene.2026.1832358,2026,BUB1 in cancer genetics and oncogenomics: from chromosomal instability to therapeutic vulnerabilities.,ae5cb41b18ef924f64223d68e999ff549c9893160f5b284aa4539c2bef3c2ce8
doi:10.3389/fimmu.2025.1649618,41200185,10.3389/fimmu.2025.1649618,2025,Identification of immunogenic cell death signature genes in hepatocellular carcinoma: from single-cell transcriptomics to &lt;i&gt;in vitro&lt;/i&gt; mechanistic validation and comprehensive prognostic modeling with hundreds of machine learning algorithms.,9421a4a9af5879431b4170820b396ec55baf31bd8a05248252ab21b9a71a8cdf
doi:10.3389/fimmu.2026.1779211,42292390,10.3389/fimmu.2026.1779211,2026,Recent advances in characterizing the immune microenvironment and biomarkers of endometrial carcinoma.,1eaa3f272715de26b83d25da7f46f93457a87b5276d5a53a077c8080cd1a57ed
doi:10.3389/fmolb.2024.1366113,38560520,10.3389/fmolb.2024.1366113,2024,"Kinesin-7 CENP-E in tumorigenesis: Chromosome instability, spindle assembly checkpoint, and applications.",eefe2700e28453a1b4727fb5025cdc753e0d1775202f1e4fb78069490e36382d
doi:10.3389/fonc.2026.1854143,42255235,10.3389/fonc.2026.1854143,2026,BIRC5 drives cell-cycle dysregulation and represents a novel molecular target in retinoblastoma.,f7637dbaa64adaeb12e383ab02f8cabd2fd9b0764695f251496fc2d85a0e5a95
doi:10.3389/fonc.2026.1857128,42490878,10.3389/fonc.2026.1857128,2026,Aurora kinase B as a therapeutic target in HPV-induced cervical cancer: mechanisms and future perspectives.,102541881f17cd722d60ec9c6f585163ad9760b3fe07edbea39500ff6e994dd6
doi:10.3389/fonc.2026.1879586,42558335,10.3389/fonc.2026.1879586,2026,"Integrative precision oncology in neuroblastoma: multi-omics biomarkers, molecular targets, and immunotherapeutic strategies.",4feb00a923a7e0a20f73bb040d18151743ee83098421eb68dde4eb90d84ff668
doi:10.3389/fphar.2026.1776489,42222160,10.3389/fphar.2026.1776489,2026,Advances in cryptococcal infections-associated immunopathology and potential therapeutic strategies.,cf6d1540bda1f0c83c6b14351c189f34d4315894acbca1eafae6c6b2e670f658
doi:10.3389/fragi.2026.1776669,42445133,10.3389/fragi.2026.1776669,2026,Mechanistic redundancy and hierarchy of aging mechanisms: implications for strategies to extend healthspan and biomarker integration.,2e0687b84d2f27491c37291e561df3868ee63f859f54ea6758df7a3ca4d174a0
doi:10.3390/antiox15040520,42072161,10.3390/antiox15040520,2026,Loss of Proteostasis and Early-Onset Neurodegeneration in Down Syndrome: From Mechanisms to Interventions.,5971c388f3dadf08bcac001d1b89aec7f9ae1c1c3e188ed8c426064302ee262f
doi:10.3390/biology15090689,42117828,10.3390/biology15090689,2026,"Fucosylation Dynamics as a Critical Determinant of Cancer Cell Fate in Colorectal Carcinoma: Integrating Hallmark Plasticity, Microenvironmental Remodelling, and Therapeutic Resistance.",c8d5ef01cd122b1d0f21cfa86cb2ff8f2f39a14627cbb0014e0c3fadd7ffe086
doi:10.3390/biology15141105,42510653,10.3390/biology15141105,2026,New Roles of Chk1 in Spindle Formation and Genome Integrity.,c6fd476082539b64b2f7351636a5b0d7d66b8e5ca225ac4477cae8b972514b09
doi:10.3390/biology15141179,42510725,10.3390/biology15141179,2026,Transcriptomic Evidence Identifies Two TMBIM Subgroups with Opposing Prognostic Associations in Glioma.,5909211a30b3d44fc7f140a531940d41b02887052ca6c40e9ba8b5921d78cbb5
doi:10.3390/biomedicines12071611,39062183,10.3390/biomedicines12071611,2024,Overexpression of BubR1 Mitotic Checkpoint Protein Predicts Short Survival and Influences the Progression of Cholangiocarcinoma.,8b23559bfa5a4251dd7b415110012c38b7494a3e2c60bc506a634b2930374eaf
doi:10.3390/cancers16203507,39456601,10.3390/cancers16203507,2024,Tolerance of Oncogene-Induced Replication Stress: A Fuel for Genomic Instability.,452bd7146f65ec4b2de5ecc7f6747055214b669f8772cda5ab872bcd11256981
doi:10.3390/cancers17213455,41228247,10.3390/cancers17213455,2025,Dual-Target Therapeutic Strategies in Triple-Negative Breast Cancer: Mechanistic Insights and Clinical Potential.,9a61fe7297d4a5d4f0cf25632499bfee13c3ddfabbb1653232889dd65e023d3c
doi:10.3390/cancers17223719,41301081,10.3390/cancers17223719,2025,The Puzzle of Genetic Stability and Chromosomal Copy Number Alterations for the Therapy of Ewing Sarcoma.,1b31b57cb5270ad0e899e672128f4f9498c06fa71a041c0e8da75a8bf25a43a9
doi:10.3390/cancers18050819,41827754,10.3390/cancers18050819,2026,Pharmacologic and Oncohistone Inhibition of SETD2 Converge on Genomic Instability.,48b04f5a34bdebccb1f8bc70136b8c1585e29e0c7b238befe7a39971a1bac5e5
doi:10.3390/cancers18060994,41899596,10.3390/cancers18060994,2026,Polyploid and Chromosomal Copy Number Gain Cells in Metastatic Colon Cancer: Exploratory Genotype-Phenotype Correlations.,6bc3ef137e017531ab97410953c7fcd90a9de9371c5e610243f7c625a53dfe50
doi:10.3390/cancers18071175,41976397,10.3390/cancers18071175,2026,Reframing RB Tumor Suppressor Dysfunction as a Therapeutic Vulnerability in Cancer.,d36d5b2558a7a2037de550acd554e337fc630db894aac4fb56536318534e3a5a
doi:10.3390/cancers18091324,42122120,10.3390/cancers18091324,2026,NFYA-Mediated TTK Up-Regulation Drives Fast Cell Cycle Progression and Its Inhibition Leads to Mitotic Catastrophe in Triple Negative Breast Cancer.,8e08c3658a9d8d8ade1ae8a783001b9cbe22843d641955d8e96c1e8074ffa09d
doi:10.3390/cancers18142329,42512392,10.3390/cancers18142329,2026,Modern Concepts in Precision Targeting of Acute Myeloid Leukemia Based on Principles of Molecular Oncology.,856b3a5a2ec05b5b084720c17df3176a525a93de00a2d6c244545cc898e1ba6f
doi:10.3390/cells14201613,41148828,10.3390/cells14201613,2025,Alternative Lengthening of Telomeres: A Prognostic Paradox in Cancer.,9dee773b4d33210d0be3bad9d20ede6ec2ffcfda50f1345dad71730bf7f0bf7b
doi:10.3390/cells15090756,42121857,10.3390/cells15090756,2026,Pre-Adaptive States and Evolutionary Trajectories in Breast Cancer Drug Resistance: From Drug-Tolerant Persisters to Clonal Evolution.,bec9b4817a80d13c92f816fad45fb667a746d9a4ed76a29ae3c99237eeaa23f3
doi:10.3390/cells15141247,42505357,10.3390/cells15141247,2026,Regulation of the 26S Proteasome: From Homeostasis to Stress and Disease.,a8b9edebef6ac837e41f99df1aa0cbc367e41417d31e400dc6c61a4f4c984e24
doi:10.3390/cells9010049,31878213,10.3390/cells9010049,2019,The Mitotic Apparatus and Kinetochores in Microcephaly and Neurodevelopmental Diseases.,ec1d4137b7a64d53888dc2ebb0f618630d18a263936a3e12ae9b3d4312cf489b
doi:10.3390/cimb48020158,41751421,10.3390/cimb48020158,2026,Genomic Instability and Adaptive Evolution Induced by RFA Insufficiency in &lt;i&gt;Saccharomyces cerevisiae&lt;/i&gt;.,94cfd49f68a1ba084e4e5350aae6dbef823bc70d00191d476f77daaad6d73a95
doi:10.3390/curroncol33060370,42346270,10.3390/curroncol33060370,2026,Mechanisms of Progression and Challenges for Intervention in the Natural History of Early Prostate Cancer: A Narrative Review.,542ec5a0b2462636f7c7a145b287fd937cbd6d28c0ac3509a546e2cf557f3304
doi:10.3390/genes16060708,40565600,10.3390/genes16060708,2025,Half the Chromosome It Used to Be: Identifying Cancer Treatments Targeting Aneuploid Losses.,efde5e02c51b55dc0ad4974c7ddbcc4c6cbe4eac1135f528190f0f921b9bd1f7
doi:10.3390/genes16121466,41465139,10.3390/genes16121466,2025,Chromosomal Instability and Telomere Attrition in Systemic Sclerosis: A Historical Perspective.,52cf78589231f84cce2cfa78dbc540fee5b2682f155d9be47bea55e15b04fb8d
doi:10.3390/genes17030323,41898857,10.3390/genes17030323,2026,Emerging Genomic and Immunological Correlates Defining Oligometastatic Trajectories in Intermediate/High-Grade Soft-Tissue Sarcomas.,fbd9b8a2b9925f7740d1a90fcdb46a4f43edae22f0911142551b607cd80e9ae5
doi:10.3390/ijms23179852,36077248,10.3390/ijms23179852,2022,Chromosomal Instability Characterizes Pediatric Medulloblastoma but Is Not Tolerated in the Developing Cerebellum.,7f1b383a48ad68572a09ab6bbc74f68a2bf5b63628a5c15ff13e932c6b788b8d
doi:10.3390/ijms26052061,40076684,10.3390/ijms26052061,2025,A Comprehensive Analysis Revealing BUB1B as a Potential Prognostic and Immunological Biomarker in Lung Adenocarcinoma.,5def832afc590933ebe97136de370df1ba3554e3cbc1de3e3acaa59f981278ac
doi:10.3390/ijms26157119,40806254,10.3390/ijms26157119,2025,Docetaxel Resistance in Breast Cancer: Current Insights and Future Directions.,9a1054d1f61e9a90e31f802329592a764181e17ba752f3a70416c52f622b5ea6
doi:10.3390/ijms262010031,41155325,10.3390/ijms262010031,2025,The Consequences of DNA Damage in the Early Embryo Are Important for Practical Procedures in Assisted Reproduction.,ca0429c58b1651430cb53d9286e0a48ab7cc4e3a95eb15599ce3f7df41fbf52d
doi:10.3390/ijms27010450,41516322,10.3390/ijms27010450,2025,Overcoming Therapeutic Resistance in Triple-Negative Breast Cancer: Targeting the Undrugged Kinome.,e7897f7bc8e166344d1cbda030943c303da1b1dfea530c9e377c1ee62a14c861
doi:10.3390/ijms27031617,41684035,10.3390/ijms27031617,2026,"High-Grade Serous Ovarian Carcinoma in the Genomics Era: Current Applications, Challenges and Future Directions.",6395baa3e2f6457f810a079da497cab647b8aa6a8d8d3cb546f7f89d7921c49d
doi:10.3390/ijms27041632,41751767,10.3390/ijms27041632,2026,Yeast as a Model for Human Disease.,54f5e95c85abbff5467e7bb6d7d7246a07809e7ac4fe2902f877d41e428d0d8d
doi:10.3390/ijms27041823,41751958,10.3390/ijms27041823,2026,FOXM1 Signaling Network Transcriptionally Upregulates Expression of Proteins Involved in Mitotic Progression to Induce High Proliferation and Chromosomal Instability in Androgen Receptor-Low Triple-Negative Breast Cancer.,191f59c286cd6fdaae8522859ab6383c38c05b7edd61f2265133482fd44f3656
doi:10.3390/ijms27062699,41898560,10.3390/ijms27062699,2026,Molecular Characterization of Soft Tissue Sarcomas Using RNA-Based Next-Generation Sequencing.,3c972134ba7f78ffb190db95cc2ff14f7b63a70a0b9ca5cbefcc27c442012d90
doi:10.3390/ijms27072989,41977178,10.3390/ijms27072989,2026,"Conserved Pathways, Divergent Outcomes: A Cross-Species Genomic Perspective on the Cancer-Neurodegeneration Paradox.",5de21110a3e3897d8e9d6f787c159abd8b86cb5805cbcf9189dd6e6fadac6b0b
doi:10.3390/ijms27104340,42196325,10.3390/ijms27104340,2026,YBX1 Expression Marks Proliferative Tumour States with Context-Dependent Genomic Instability: A Pan-Cancer Analysis.,064c32ed817444bb8cddc15a8ad104ede0bde34b90ce0645bd57b1bbe7a5641d
doi:10.3390/jcm10092028,34065162,10.3390/jcm10092028,2021,Pediatric Rhabdomyosarcoma: Epidemiology and Genetic Susceptibility.,156d6c57615acb7b65b38dc16b8cd84559e9078359cb240aa502d11adac3ddea
doi:10.3390/jcm9061954,32585810,10.3390/jcm9061954,2020,Dominantly Inherited Hereditary Nonpolyposis Colorectal Cancer Not Caused by MMR Genes.,8ef7cbfcb13914d63923d3c9055a3bd00c8236213ece9cfee56b465cd368bd20
doi:10.3390/jox16040136,42646050,10.3390/jox16040136,2026,Inhaled Micro- and Nanoplastics as Environmental Modifiers of Lung Carcinogenesis: Mechanistic Insights and Evidence Synthesis.,0fe37debc8eb3220aac072d0952329ba25a1a782fba80c2ea1e4abf969e54178
doi:10.3390/jpm16060316,42346627,10.3390/jpm16060316,2026,Extrachromosomal DNA Amplification as a Prognostic Factor for Cancer.,25a8f4370062a9ba25fdfa24c14ad02504f027d5146bf640d63b0c6e68cbd305
doi:10.3390/medicina61101864,41155851,10.3390/medicina61101864,2025,"Chromosomal Roadblocks in Male Fertility: Mechanisms, Risk Factors and Syndromes.",13702f329b99c63a1b45e2ee35482bef6bf0695a97b09b004ca64629e0e847ec
doi:10.3390/molecules27217480,36364307,10.3390/molecules27217480,2022,Breaking the Bottleneck in Anticancer Drug Development: Efficient Utilization of Synthetic Biology.,533b232151c0a73d23bc0ae0fc617cd38510983044a46dc56cc16d41e4696532
doi:10.3390/molecules31030512,41683489,10.3390/molecules31030512,2026,Cell Line-Dependent Cell Death Pathways Induced by Thymoquinone in Colorectal Cancer Cells.,e0db5632532a5412a58f99a743ac303be3a426d0fecc83edaf2971b8d4e0c0d4
doi:10.3390/molecules31132283,42451651,10.3390/molecules31132283,2026,Survivin-Targeting Antisense Oligonucleotides in Cancer Therapy.,1316ae370abbb4d2dff9c41eb6b9e3979f6b6bf516e62857204fa4f5d2b18349
doi:10.3390/ph18060905,40573300,10.3390/ph18060905,2025,PARP Inhibition in Colorectal Cancer-A Comparison of Potential Predictive Biomarkers for Therapy.,b5e6c3a8d24aa21c2779c0528defb472973f2ddbbd6b575d6dea485540c8f00b
doi:10.3390/pharmaceutics18040402,42076055,10.3390/pharmaceutics18040402,2026,"Mitotic Machinery Dysregulation in Lung Cancer: Biological Roles, Therapeutic Targeting, and Combination Strategies.",67e6a42a7342f7545501d5b3483375148d083ac11dd00d792b50301d76de8344
doi:10.3760/cma.j.cn511374-20240716-00393,40555658,10.3760/cma.j.cn511374-20240716-00393,2025,[Genetic analysis of two fetuses with Mosaic variegated aneuploidy syndrome caused by compound heterozygous variants in BUB1B and its upstream regulatory elements and a literature Review].,71b736e47a44be29023f91b6dc1f8bd9ccfc1b4a24826fcc529d129822663574
doi:10.3892/ijmm.2026.5893,42318967,10.3892/ijmm.2026.5893,2026,"Arsenic exposure and skin cancer: Mechanisms, clinical evidence and public health implications (Review).",aea0f4ed00b38e7e6a1c5d512fd39f6e056f06c5937847e8b15fe56c0e5b9ae4
doi:10.3892/mmr.2026.13834,41789582,10.3892/mmr.2026.13834,2026,Characteristics of chromosomal instability‑related lncRNAs associated with progression and prognosis in breast cancer.,14128aff4ce71a0a28581c12dfd53246bbe390290f218072d01ab7db549b0f77
doi:10.3892/ol.2026.15696,42325921,10.3892/ol.2026.15696,2026,Comprehensive bioinformatics analysis of NCAPH expression and its clinical importance in endometrial cancer.,48e6469c613161294ac8e1f37c8491d875a14d93958404b7a31dc565747de6c3
doi:10.3892/or.2023.8639,37800638,10.3892/or.2023.8639,2023,Targeting TRIP13 for overcoming anticancer drug resistance (Review).,a6e701021be59be3d58fd326017a8ecc5ca55c4e83d0e65e50e89ba06a7d63e1
doi:10.3892/or.2026.9188,42663281,10.3892/or.2026.9188,2026,"Genomic instability, postoperative recurrence and therapeutic vulnerabilities in resectable non&#x2011;small cell lung cancer (Review).",cc288cdafed61d4721d0bb7aee93e916267c35e0fc8a0a8232950b6798ef5e53
doi:10.4161/15384101.2014.962952,25483095,10.4161/15384101.2014.962952,2015,Mad2 and BubR1 modulates tumourigenesis and paclitaxel response in MKN45 gastric cancer cells.,aa20b66622af0a74a7654ebeb34180da8bffbf1fe47c83d8f4ea5886ed087ba5
doi:10.47248/chp2603010002,41938668,10.47248/chp2603010002,2026,Molecular heterogeneity of HPV-associated cancers and strategies to overcome treatment resistance.,0254f1b63204b0ec6e383d974ce62169332fbc5ff2ca71aba5c0140f6ef655db
doi:10.62347/wier4743,39822558,10.62347/wier4743,2024,"Exploring potential key genes and pathways associatedwith hepatocellular carcinoma prognosis through bioinformatics analysis, followed by experimental validation.",41be2c16def6ad84f12c1e4d8ddd3599cbc5cea023e5baf0d084414e1c0c0b84
doi:10.64898/2025.12.17.694745,41446097,10.64898/2025.12.17.694745,2025,PKMYT1 inhibition induces DNA damage and synergizes with immune checkpoint blockade in CCNE1 -amplified gastroesophageal adenocarcinoma.,f2b21215f03db008b044e636dc5c032d1766dfc736ae4fd324645ffd21b84b43
doi:10.64898/2026.01.22.701085,41648614,10.64898/2026.01.22.701085,2026,Targeted therapy-induced chromosomal instability dictates mitotic dependency on Aurora Kinase A.,8c0925adf4d5a944ff39433972039a54611ff0eb74d687c158d35b44536cf37d
doi:10.64898/2026.04.11.717899,42039593,10.64898/2026.04.11.717899,2026,ARID1A deficiency unleashes centromeric RNA transcription to drive chromosomal instability and boosts PKMYT1 inhibitor efficacy via RNA sensing.,49068d6df84fe434b5ff09283c6a43a09be118dd497dd6910c7f084ec34be0d9
doi:10.64898/2026.04.26.720636,42094535,10.64898/2026.04.26.720636,2026,Paired CRISPR screens identify mitochondrial metabolism and UBE2H as aneuploid-specific dependencies in human cancer cell lines.,8c35b49d18e2363d820533111a1c47dd048698ca50a3ffcc2ac23186876bb9b6
doi:10.64898/2026.04.28.717272,42094395,10.64898/2026.04.28.717272,2026,Oxidative DNA lesions destabilize centromeres and drive chromosome instability.,fde2b5490c1ef6a3d2d5942faa7bb127917790f73a9e73c765cfdb438d9876b0
doi:10.7150/ijbs.111254,41287778,10.7150/ijbs.111254,2025,"PTEN-deficient, chromosomal instability colorectal cancer is hypersensitive to STAT3 inhibition.",ee007c2b80866ce652c4e40798f775f937f220a93981264ae8d98f8cc9d73fa5
doi:10.7150/jca.68408,35517426,10.7150/jca.68408,2022,Aberrant Expression of BUB1B Contributes to the Progression of Thyroid Carcinoma and Predicts Poor Outcomes for Patients.,c6c1a796b4d6fdfc6d538f5888d48dc163a8f26b6d3e6120054f414ca45cf5e1
doi:10.7554/elife.88916,39652462,10.7554/eLife.88916,2024,Complex aneuploidy triggers autophagy and p53-mediated apoptosis and impairs the second lineage segregation in human preimplantation embryos.,70a7fcbcd4d98d487f961cb156aebe78055f9d2260596a37f197c49201775594
doi:10.7759/cureus.58558,38770464,10.7759/cureus.58558,2024,Premature Chromatid Separation Trait Found During the Diagnosis of Male Infertility: A Case Report.,baa07494d7415f2751cc07fefcad2f1fde0e2ebeeb7a4642ea834d7cfd4d80db
